iter	Logloss
0	0.2952803548
1	0.1423468526
2	0.08092607498
3	0.05811162949
4	0.05676743189
5	0.04053281784
6	0.0375170962
7	0.02789678574
8	0.02544978778
9	0.01972592831
