{
    "eval_param": "accuracy",
    "test_accuracy": 0.805,
    "test_precision": 0.7162534435261708,
    "test_recall": 0.19593067068575734,
    "test_f1": 0.3076923076923077,
    "test_roc_auc": 0.759736100425233,
    "test_log_loss": 0.4522186008437068,
    "test_tpr": 0.19593067068575734,
    "test_tnr": 0.9779584849133319,
    "test_fpr": 0.022041515086668094,
    "test_fnr": 0.8040693293142427,
    "train_accuracy": 0.8060416666666667,
    "train_precision": 0.7224489795918367,
    "train_recall": 0.2000376718779431,
    "train_f1": 0.31332054875350346,
    "train_roc_auc": 0.7654754783656831,
    "train_log_loss": 0.44820866587571967,
    "train_tpr": 0.2000376718779431,
    "train_tnr": 0.9781713123963405,
    "train_fpr": 0.021828687603659514,
    "train_fnr": 0.7999623281220569
}