{
    "test_accuracy": 0.7558333333333334,
    "test_precision": 0.45436507936507936,
    "test_recall": 0.517709118311982,
    "test_f1": 0.48397323001056713,
    "test_roc_auc": 0.7354222359331154,
    "test_log_loss": 0.6017551631676616,
    "test_tpr": 0.517709118311982,
    "test_tnr": 0.8234538840145517,
    "test_fpr": 0.1765461159854483,
    "test_fnr": 0.4822908816880181,
    "train_accuracy": 0.7597916666666666,
    "train_precision": 0.4638095238095238,
    "train_recall": 0.5503861367489169,
    "train_f1": 0.503402532517874,
    "train_roc_auc": 0.7366456886111823,
    "train_log_loss": 0.6034669195772066,
    "train_tpr": 0.5503861367489169,
    "train_tnr": 0.8192713070461719,
    "train_fpr": 0.18072869295382804,
    "train_fnr": 0.44961386325108305
}