{
    "eval_param": "accuracy",
    "test_accuracy": 0.7315,
    "test_precision": 0.41705607476635514,
    "test_recall": 0.5380557648831952,
    "test_f1": 0.46989141164856857,
    "test_roc_auc": 0.7333879099271723,
    "test_log_loss": 0.5907028823319446,
    "test_tpr": 0.5380557648831952,
    "test_tnr": 0.7864326984806335,
    "test_fpr": 0.21356730151936656,
    "test_fnr": 0.4619442351168048,
    "train_accuracy": 0.73625,
    "train_precision": 0.4278649145117988,
    "train_recall": 0.5703522320587682,
    "train_f1": 0.48893912481834334,
    "train_roc_auc": 0.7340130106545144,
    "train_log_loss": 0.592645394479219,
    "train_tpr": 0.5703522320587682,
    "train_tnr": 0.7833716762078006,
    "train_fpr": 0.21662832379219946,
    "train_fnr": 0.4296477679412319
}